Battery voltage,Grid voltage,BUS voltage,Control current,Inverter current,Grid current,Battery voltage,PInverter,AC radiator temperature,Batt power,Batt current,WorkState,AccumulatedChargerPower,AccumulatedDischargerPower,AccumulatedLoadPower,AccumulatedSelfusePower,AccumulatedPvPower,BatteryRelay,RecordTime,mes
27.1,232.4,422.3,1.4,1.1,0.0,27.1,142,42,-62,-2,OffGrid,0KWH,26.4KWH,95.7KWH,26.4KWH,23.6KWH,Connect,29/01/2020 02:13:13 p.m.,29/01/2020 02:13:13 p.m.
23.8,226.6,368.2,1.7,1.5,0.0,23.8,157,52,221,9,OffGrid,0KWH,28KWH,97.2KWH,28KWH,24KWH,Disconnect,29/01/2020 10:51:29 p.m.,29/01/2020 10:51:29 p.m.
23.8,228.2,367.8,1.7,1.5,0.0,23.8,155,52,219,9,OffGrid,0KWH,28KWH,97.2KWH,28KWH,24KWH,Disconnect,29/01/2020 10:56:31 p.m.,29/01/2020 10:56:31 p.m.
23.7,224.9,367.2,1.7,1.5,0.0,23.7,159,52,223,9,OffGrid,0KWH,28KWH,97.3KWH,28KWH,24KWH,Disconnect,29/01/2020 11:01:31 p.m.,29/01/2020 11:01:31 p.m.
23.7,227.3,367.1,1.7,1.5,0.0,23.7,156,52,220,9,OffGrid,0KWH,28KWH,97.3KWH,28KWH,24KWH,Disconnect,29/01/2020 11:06:31 p.m.,29/01/2020 11:06:31 p.m.
23.5,228.6,362.7,1.7,1.5,0.0,23.5,287,51,363,15,OffGrid,0KWH,28KWH,97.3KWH,28KWH,24KWH,Disconnect,29/01/2020 11:11:31 p.m.,29/01/2020 11:11:31 p.m.
23.4,226.8,361.9,1.6,1.4,0.0,23.4,274,50,349,14,OffGrid,0KWH,28.1KWH,97.3KWH,28.1KWH,24KWH,Disconnect,29/01/2020 11:16:31 p.m.,29/01/2020 11:16:31 p.m.
26.7,232.6,429.0,0.0,0.0,0.7,26.7,0,37,-429,-16,Grid charging,0KWH,28.8KWH,99.3KWH,28.8KWH,24.2KWH,Connect,30/01/2020 08:50:46 a.m.,30/01/2020 08:50:46 a.m.
27.2,232.9,433.5,0.0,0.0,3.7,27.2,0,34,-514,-18,Grid charging,0KWH,28.8KWH,99.3KWH,28.8KWH,24.2KWH,Connect,30/01/2020 08:55:47 a.m.,30/01/2020 08:55:47 a.m.
26.6,229.7,413.6,1.4,1.1,0.0,26.6,282,34,-241,-9,OffGrid,0KWH,28.8KWH,99.3KWH,28.8KWH,24.3KWH,Connect,30/01/2020 09:00:47 a.m.,30/01/2020 09:00:47 a.m.
26.8,230.7,415.9,1.3,1.0,0.0,26.8,273,36,-272,-10,OffGrid,0KWH,28.8KWH,99.3KWH,28.8KWH,24.3KWH,Connect,30/01/2020 09:05:47 a.m.,30/01/2020 09:05:47 a.m.
26.9,232.4,418.1,1.3,1.0,0.0,26.9,267,36,-300,-11,OffGrid,0KWH,28.9KWH,99.3KWH,28.9KWH,24.4KWH,Connect,30/01/2020 09:10:47 a.m.,30/01/2020 09:10:47 a.m.
27.0,229.0,420.3,1.2,0.9,0.0,27.0,255,37,-329,-12,OffGrid,0KWH,28.9KWH,99.4KWH,28.9KWH,24.4KWH,Connect,30/01/2020 09:15:48 a.m.,30/01/2020 09:15:48 a.m.
27.2,229.3,424.1,1.1,0.7,0.0,27.2,110,37,-377,-13,OffGrid,0KWH,28.9KWH,99.4KWH,28.9KWH,24.5KWH,Connect,30/01/2020 09:20:48 a.m.,30/01/2020 09:20:48 a.m.
27.2,228.6,423.4,1.0,0.6,0.0,27.2,110,37,-344,-12,OffGrid,0KWH,28.9KWH,99.4KWH,28.9KWH,24.5KWH,Connect,30/01/2020 09:25:48 a.m.,30/01/2020 09:25:48 a.m.
27.2,228.4,422.8,1.0,0.7,0.0,27.2,110,37,-314,-11,OffGrid,0KWH,28.9KWH,99.4KWH,28.9KWH,24.6KWH,Connect,30/01/2020 09:30:48 a.m.,30/01/2020 09:30:48 a.m.
27.1,234.0,422.3,1.1,0.7,0.0,27.1,112,37,-294,-10,OffGrid,0KWH,28.9KWH,99.4KWH,28.9KWH,24.6KWH,Connect,30/01/2020 09:35:48 a.m.,30/01/2020 09:35:48 a.m.
27.1,231.6,422.1,1.1,0.7,0.0,27.1,110,37,-280,-10,OffGrid,0KWH,28.9KWH,99.4KWH,28.9KWH,24.6KWH,Connect,30/01/2020 09:40:48 a.m.,30/01/2020 09:40:48 a.m.
27.1,232.1,422.2,1.1,0.7,0.0,27.1,112,37,-273,-10,OffGrid,0KWH,28.9KWH,99.4KWH,28.9KWH,24.7KWH,Connect,30/01/2020 09:45:48 a.m.,30/01/2020 09:45:48 a.m.
27.2,231.5,423.5,1.1,0.7,0.0,27.2,110,36,-267,-9,OffGrid,0KWH,28.9KWH,99.4KWH,28.9KWH,24.7KWH,Connect,30/01/2020 09:50:49 a.m.,30/01/2020 09:50:49 a.m.
27.1,235.9,422.5,1.1,0.7,0.0,27.1,109,36,-240,-8,OffGrid,0KWH,29KWH,99.4KWH,29KWH,24.8KWH,Connect,30/01/2020 09:55:49 a.m.,30/01/2020 09:55:49 a.m.
25.7,225.9,397.4,1.5,1.2,0.0,25.7,58,51,96,3,OffGrid,0KWH,38.8KWH,109.6KWH,38.8KWH,38.1KWH,Connect,02/02/2020 06:40:42 p.m.,02/02/2020 06:40:42 p.m.
25.6,226.1,397.0,1.5,1.2,0.0,25.6,62,51,97,3,OffGrid,0KWH,38.8KWH,109.6KWH,38.8KWH,38.1KWH,Connect,02/02/2020 06:48:53 p.m.,02/02/2020 06:48:53 p.m.
28.5,228.8,443.2,1.5,1.2,0.0,28.5,188,42,-121,-4,OffGrid,0KWH,77.5KWH,157.1KWH,77.5KWH,81.4KWH,Connect,15/02/2020 11:54:48 a.m.,15/02/2020 11:54:48 a.m.
26.2,223.1,431.0,0.0,0.0,2.4,26.2,0,59,0,0,Grid charging,0KWH,137.5KWH,231.5KWH,137.5KWH,137.7KWH,Disconnect,05/03/2020 09:30:13 p.m.,05/03/2020 09:30:13 p.m.
26.4,221.4,431.8,0.0,0.0,2.4,26.4,0,60,0,0,Grid charging,0KWH,137.5KWH,231.6KWH,137.5KWH,137.7KWH,Disconnect,05/03/2020 09:35:14 p.m.,05/03/2020 09:35:14 p.m.
26.4,219.7,433.1,0.0,0.0,4.0,26.4,0,61,0,0,Grid charging,0KWH,137.5KWH,231.6KWH,137.5KWH,137.7KWH,Disconnect,05/03/2020 09:40:14 p.m.,05/03/2020 09:40:14 p.m.
26.5,220.8,432.3,0.0,0.0,2.4,26.5,0,60,0,0,Grid charging,0KWH,137.5KWH,231.6KWH,137.5KWH,137.7KWH,Disconnect,05/03/2020 09:45:14 p.m.,05/03/2020 09:45:14 p.m.
26.6,219.6,434.6,0.0,0.0,2.9,26.6,0,61,0,0,Grid charging,0KWH,137.5KWH,231.7KWH,137.5KWH,137.7KWH,Disconnect,05/03/2020 09:50:15 p.m.,05/03/2020 09:50:15 p.m.
26.6,217.0,434.6,0.0,0.0,2.9,26.6,0,60,0,0,Grid charging,0KWH,137.5KWH,231.7KWH,137.5KWH,137.7KWH,Disconnect,05/03/2020 09:55:15 p.m.,05/03/2020 09:55:15 p.m.
26.6,218.7,435.8,0.0,0.0,2.9,26.6,0,60,0,0,Grid charging,0KWH,137.5KWH,231.8KWH,137.5KWH,137.7KWH,Disconnect,05/03/2020 10:00:15 p.m.,05/03/2020 10:00:15 p.m.
26.6,219.6,435.9,0.0,0.0,2.9,26.6,0,60,0,0,Grid charging,0KWH,137.5KWH,231.8KWH,137.5KWH,137.7KWH,Disconnect,05/03/2020 10:05:15 p.m.,05/03/2020 10:05:15 p.m.
26.7,219.6,437.3,0.0,0.0,2.9,26.7,0,61,0,0,Grid charging,0KWH,137.5KWH,231.9KWH,137.5KWH,137.7KWH,Disconnect,05/03/2020 10:10:15 p.m.,05/03/2020 10:10:15 p.m.
26.7,221.0,437.3,0.0,0.0,2.4,26.7,0,61,0,0,Grid charging,0KWH,137.5KWH,231.9KWH,137.5KWH,137.7KWH,Disconnect,05/03/2020 10:15:15 p.m.,05/03/2020 10:15:15 p.m.
26.8,219.6,438.4,0.0,0.0,2.4,26.8,0,60,0,0,Grid charging,0KWH,137.5KWH,231.9KWH,137.5KWH,137.7KWH,Disconnect,05/03/2020 10:20:16 p.m.,05/03/2020 10:20:16 p.m.
26.9,222.4,437.8,0.0,0.0,2.4,26.9,0,60,0,0,Grid charging,0KWH,137.5KWH,232KWH,137.5KWH,137.7KWH,Disconnect,05/03/2020 10:25:16 p.m.,05/03/2020 10:25:16 p.m.
26.9,222.7,439.1,0.0,0.0,2.4,26.9,0,60,0,0,Grid charging,0KWH,137.5KWH,232KWH,137.5KWH,137.7KWH,Disconnect,05/03/2020 10:30:16 p.m.,05/03/2020 10:30:16 p.m.
27.0,222.0,439.3,0.0,0.0,2.4,27.0,0,60,0,0,Grid charging,0KWH,137.5KWH,232KWH,137.5KWH,137.7KWH,Disconnect,05/03/2020 10:35:16 p.m.,05/03/2020 10:35:16 p.m.
27.0,222.4,441.3,0.0,0.0,2.4,27.0,0,61,0,0,Grid charging,0KWH,137.5KWH,232.1KWH,137.5KWH,137.7KWH,Disconnect,05/03/2020 10:40:16 p.m.,05/03/2020 10:40:16 p.m.
26.0,224.3,401.5,2.8,2.6,0.0,26.0,388,60,474,18,OffGrid,0KWH,137.5KWH,232.1KWH,137.5KWH,137.7KWH,Disconnect,05/03/2020 10:45:16 p.m.,05/03/2020 10:45:16 p.m.
25.0,225.5,387.9,2.8,2.6,0.0,25.0,383,59,468,18,OffGrid,0KWH,137.5KWH,232.1KWH,137.5KWH,137.7KWH,Disconnect,05/03/2020 10:50:16 p.m.,05/03/2020 10:50:16 p.m.
24.9,223.8,386.1,2.9,2.7,0.0,24.9,383,58,468,18,OffGrid,0KWH,137.5KWH,232.2KWH,137.5KWH,137.7KWH,Disconnect,05/03/2020 10:55:17 p.m.,05/03/2020 10:55:17 p.m.
24.8,225.7,384.4,2.9,2.7,0.0,24.8,399,58,486,19,OffGrid,0KWH,137.6KWH,232.2KWH,137.6KWH,137.7KWH,Disconnect,05/03/2020 11:00:17 p.m.,05/03/2020 11:00:17 p.m.
24.5,224.5,379.3,3.1,2.9,0.0,24.5,551,58,652,26,OffGrid,0KWH,137.6KWH,232.2KWH,137.6KWH,137.7KWH,Disconnect,05/03/2020 11:05:17 p.m.,05/03/2020 11:05:17 p.m.
24.4,225.8,378.1,3.1,2.9,0.0,24.4,540,58,640,26,OffGrid,0KWH,137.7KWH,232.3KWH,137.7KWH,137.7KWH,Disconnect,05/03/2020 11:10:17 p.m.,05/03/2020 11:10:17 p.m.
24.4,226.3,376.9,3.1,2.9,0.0,24.4,532,58,631,25,OffGrid,0KWH,137.7KWH,232.3KWH,137.7KWH,137.7KWH,Disconnect,05/03/2020 11:15:17 p.m.,05/03/2020 11:15:17 p.m.
24.3,226.3,375.7,3.1,2.9,0.0,24.3,527,58,626,25,OffGrid,0KWH,137.7KWH,232.4KWH,137.7KWH,137.7KWH,Disconnect,05/03/2020 11:20:17 p.m.,05/03/2020 11:20:17 p.m.
24.2,225.6,374.6,3.1,2.9,0.0,24.2,527,58,626,25,OffGrid,0KWH,137.8KWH,232.4KWH,137.8KWH,137.7KWH,Disconnect,05/03/2020 11:25:18 p.m.,05/03/2020 11:25:18 p.m.
24.3,224.5,377.1,2.9,2.7,0.0,24.3,375,58,460,18,OffGrid,0KWH,137.8KWH,232.4KWH,137.8KWH,137.7KWH,Disconnect,05/03/2020 11:30:18 p.m.,05/03/2020 11:30:18 p.m.
24.3,224.2,375.9,2.9,2.7,0.0,24.3,381,58,466,19,OffGrid,0KWH,137.9KWH,232.5KWH,137.9KWH,137.7KWH,Disconnect,05/03/2020 11:35:18 p.m.,05/03/2020 11:35:18 p.m.
24.2,224.6,374.9,2.9,2.7,0.0,24.2,378,57,463,19,OffGrid,0KWH,137.9KWH,232.5KWH,137.9KWH,137.7KWH,Disconnect,05/03/2020 11:40:18 p.m.,05/03/2020 11:40:18 p.m.
24.1,226.9,373.7,2.9,2.7,0.0,24.1,382,57,467,19,OffGrid,0KWH,137.9KWH,232.5KWH,137.9KWH,137.7KWH,Disconnect,05/03/2020 11:45:18 p.m.,05/03/2020 11:45:18 p.m.
24.1,227.0,372.5,2.9,2.7,0.0,24.1,382,57,466,19,OffGrid,0KWH,138KWH,232.6KWH,138KWH,137.7KWH,Disconnect,05/03/2020 11:50:18 p.m.,05/03/2020 11:50:18 p.m.
24.0,226.7,371.0,2.9,2.7,0.0,24.0,387,57,473,19,OffGrid,0KWH,138KWH,232.6KWH,138KWH,137.7KWH,Disconnect,05/03/2020 11:55:19 p.m.,05/03/2020 11:55:19 p.m.
24.1,226.3,373.1,2.2,2.0,0.0,24.1,268,57,343,14,OffGrid,0KWH,138KWH,232.6KWH,138KWH,137.7KWH,Disconnect,06/03/2020 12:00:19 a.m.,06/03/2020 12:00:19 a.m.
24.0,226.5,372.1,2.2,2.0,0.0,24.0,267,56,342,14,OffGrid,0KWH,138KWH,232.7KWH,138KWH,137.7KWH,Disconnect,06/03/2020 12:05:19 a.m.,06/03/2020 12:05:19 a.m.
24.0,227.8,371.2,2.2,2.0,0.0,24.0,263,55,337,14,OffGrid,0KWH,138.1KWH,232.7KWH,138.1KWH,137.7KWH,Disconnect,06/03/2020 12:10:19 a.m.,06/03/2020 12:10:19 a.m.
23.9,229.7,370.1,2.2,2.0,0.0,23.9,266,55,340,14,OffGrid,0KWH,138.1KWH,232.7KWH,138.1KWH,137.7KWH,Disconnect,06/03/2020 12:15:19 a.m.,06/03/2020 12:15:19 a.m.
23.8,228.2,367.4,2.3,2.1,0.0,23.8,302,54,380,15,OffGrid,0KWH,138.1KWH,232.7KWH,138.1KWH,137.7KWH,Disconnect,06/03/2020 12:20:20 a.m.,06/03/2020 12:20:20 a.m.
23.3,230.2,360.4,2.5,2.3,0.0,23.3,453,53,545,23,OffGrid,0KWH,138.1KWH,232.8KWH,138.1KWH,137.7KWH,Disconnect,06/03/2020 12:25:20 a.m.,06/03/2020 12:25:20 a.m.
25.1,226.1,417.4,0.0,0.0,2.5,25.1,0,53,0,0,Grid charging,0KWH,138.2KWH,232.8KWH,138.2KWH,137.7KWH,Disconnect,06/03/2020 12:30:20 a.m.,06/03/2020 12:30:20 a.m.
25.5,224.8,424.1,0.0,0.0,2.4,25.5,0,59,0,0,Grid charging,0KWH,138.2KWH,232.8KWH,138.2KWH,137.7KWH,Disconnect,06/03/2020 12:35:20 a.m.,06/03/2020 12:35:20 a.m.
25.6,226.2,424.0,0.0,0.0,2.2,25.6,0,59,0,0,Grid charging,0KWH,138.2KWH,232.9KWH,138.2KWH,137.7KWH,Disconnect,06/03/2020 12:40:21 a.m.,06/03/2020 12:40:21 a.m.
25.6,226.8,424.4,0.0,0.0,2.2,25.6,0,60,0,0,Grid charging,0KWH,138.2KWH,232.9KWH,138.2KWH,137.7KWH,Disconnect,06/03/2020 12:45:21 a.m.,06/03/2020 12:45:21 a.m.
25.7,225.9,426.5,0.0,0.0,1.7,25.7,0,61,0,0,Grid charging,0KWH,138.2KWH,232.9KWH,138.2KWH,137.7KWH,Disconnect,06/03/2020 12:50:21 a.m.,06/03/2020 12:50:21 a.m.
25.8,226.4,424.3,0.0,0.0,1.7,25.8,0,60,0,0,Grid charging,0KWH,138.2KWH,233KWH,138.2KWH,137.7KWH,Disconnect,06/03/2020 12:55:21 a.m.,06/03/2020 12:55:21 a.m.
25.9,227.1,426.9,0.0,0.0,1.7,25.9,0,62,0,0,Grid charging,0KWH,138.2KWH,233KWH,138.2KWH,137.7KWH,Disconnect,06/03/2020 01:00:22 a.m.,06/03/2020 01:00:22 a.m.
25.9,225.9,428.3,0.0,0.0,1.7,25.9,0,60,0,0,Grid charging,0KWH,138.2KWH,233KWH,138.2KWH,137.7KWH,Disconnect,06/03/2020 01:05:22 a.m.,06/03/2020 01:05:22 a.m.
25.9,226.5,429.3,0.0,0.0,1.5,25.9,0,60,0,0,Grid charging,0KWH,138.2KWH,233KWH,138.2KWH,137.7KWH,Disconnect,06/03/2020 01:10:22 a.m.,06/03/2020 01:10:22 a.m.
26.0,226.7,428.0,0.0,0.0,1.7,26.0,0,60,0,0,Grid charging,0KWH,138.2KWH,233KWH,138.2KWH,137.7KWH,Disconnect,06/03/2020 01:15:22 a.m.,06/03/2020 01:15:22 a.m.
26.1,228.6,430.1,0.0,0.0,1.7,26.1,0,60,0,0,Grid charging,0KWH,138.2KWH,233.1KWH,138.2KWH,137.7KWH,Disconnect,06/03/2020 01:20:23 a.m.,06/03/2020 01:20:23 a.m.
26.2,226.9,431.4,0.0,0.0,1.7,26.2,0,60,0,0,Grid charging,0KWH,138.2KWH,233.1KWH,138.2KWH,137.7KWH,Disconnect,06/03/2020 01:25:23 a.m.,06/03/2020 01:25:23 a.m.
26.1,225.6,430.2,0.0,0.0,1.7,26.1,0,60,0,0,Grid charging,0KWH,138.2KWH,233.1KWH,138.2KWH,137.7KWH,Disconnect,06/03/2020 01:30:23 a.m.,06/03/2020 01:30:23 a.m.
26.4,228.1,432.2,0.0,0.0,1.7,26.4,0,60,0,0,Grid charging,0KWH,138.2KWH,233.1KWH,138.2KWH,137.7KWH,Disconnect,06/03/2020 01:35:23 a.m.,06/03/2020 01:35:23 a.m.
26.4,228.6,433.1,0.0,0.0,1.6,26.4,0,60,0,0,Grid charging,0KWH,138.2KWH,233.2KWH,138.2KWH,137.7KWH,Disconnect,06/03/2020 01:40:23 a.m.,06/03/2020 01:40:23 a.m.
26.5,228.5,434.3,0.0,0.0,2.2,26.5,0,60,0,0,Grid charging,0KWH,138.2KWH,233.2KWH,138.2KWH,137.7KWH,Disconnect,06/03/2020 01:45:24 a.m.,06/03/2020 01:45:24 a.m.
26.6,227.2,432.8,0.0,0.0,2.1,26.6,0,59,0,0,Grid charging,0KWH,138.2KWH,233.2KWH,138.2KWH,137.7KWH,Disconnect,06/03/2020 01:50:24 a.m.,06/03/2020 01:50:24 a.m.
26.6,228.3,435.5,0.0,0.0,2.1,26.6,0,60,0,0,Grid charging,0KWH,138.2KWH,233.3KWH,138.2KWH,137.7KWH,Disconnect,06/03/2020 01:55:24 a.m.,06/03/2020 01:55:24 a.m.
26.6,229.8,436.4,0.0,0.0,2.1,26.6,0,61,0,0,Grid charging,0KWH,138.2KWH,233.3KWH,138.2KWH,137.7KWH,Disconnect,06/03/2020 02:00:25 a.m.,06/03/2020 02:00:25 a.m.
26.7,230.9,436.3,0.0,0.0,2.1,26.7,0,60,0,0,Grid charging,0KWH,138.2KWH,233.3KWH,138.2KWH,137.7KWH,Disconnect,06/03/2020 02:05:25 a.m.,06/03/2020 02:05:25 a.m.
26.7,229.6,436.4,0.0,0.0,1.5,26.7,0,60,0,0,Grid charging,0KWH,138.2KWH,233.3KWH,138.2KWH,137.7KWH,Disconnect,06/03/2020 02:10:25 a.m.,06/03/2020 02:10:25 a.m.
26.7,228.3,437.0,0.0,0.0,1.5,26.7,0,59,0,0,Grid charging,0KWH,138.2KWH,233.4KWH,138.2KWH,137.7KWH,Disconnect,06/03/2020 02:15:25 a.m.,06/03/2020 02:15:25 a.m.
26.8,228.3,438.7,0.0,0.0,1.5,26.8,0,62,0,0,Grid charging,0KWH,138.2KWH,233.4KWH,138.2KWH,137.7KWH,Disconnect,06/03/2020 02:20:25 a.m.,06/03/2020 02:20:25 a.m.
26.9,228.9,438.1,0.0,0.0,1.5,26.9,0,59,0,0,Grid charging,0KWH,138.2KWH,233.4KWH,138.2KWH,137.7KWH,Disconnect,06/03/2020 02:25:26 a.m.,06/03/2020 02:25:26 a.m.
26.9,229.7,439.5,0.0,0.0,1.3,26.9,0,59,0,0,Grid charging,0KWH,138.2KWH,233.4KWH,138.2KWH,137.7KWH,Disconnect,06/03/2020 02:30:26 a.m.,06/03/2020 02:30:26 a.m.
26.9,229.6,440.6,0.0,0.0,1.4,26.9,0,60,0,0,Grid charging,0KWH,138.2KWH,233.4KWH,138.2KWH,137.7KWH,Disconnect,06/03/2020 02:35:26 a.m.,06/03/2020 02:35:26 a.m.
27.1,230.0,440.4,0.0,0.0,1.3,27.1,0,58,0,0,Grid charging,0KWH,138.2KWH,233.5KWH,138.2KWH,137.7KWH,Disconnect,06/03/2020 02:40:26 a.m.,06/03/2020 02:40:26 a.m.
25.3,231.0,394.1,1.7,1.5,0.0,25.3,198,58,266,10,OffGrid,0KWH,138.2KWH,233.5KWH,138.2KWH,137.7KWH,Disconnect,06/03/2020 02:45:26 a.m.,06/03/2020 02:45:26 a.m.
25.2,230.4,392.0,1.8,1.6,0.0,25.2,202,56,270,10,OffGrid,0KWH,138.2KWH,233.5KWH,138.2KWH,137.7KWH,Disconnect,06/03/2020 02:50:26 a.m.,06/03/2020 02:50:26 a.m.
25.1,232.6,390.9,1.8,1.6,0.0,25.1,203,55,272,10,OffGrid,0KWH,138.2KWH,233.5KWH,138.2KWH,137.7KWH,Disconnect,06/03/2020 02:55:27 a.m.,06/03/2020 02:55:27 a.m.
25.1,232.7,390.0,1.8,1.6,0.0,25.1,202,54,270,10,OffGrid,0KWH,138.2KWH,233.5KWH,138.2KWH,137.7KWH,Disconnect,06/03/2020 03:00:27 a.m.,06/03/2020 03:00:27 a.m.
24.8,231.8,384.7,2.1,1.9,0.0,24.8,373,54,457,18,OffGrid,0KWH,138.3KWH,233.6KWH,138.3KWH,137.7KWH,Disconnect,06/03/2020 03:05:27 a.m.,06/03/2020 03:05:27 a.m.
24.7,232.3,383.9,2.0,1.8,0.0,24.7,362,53,445,18,OffGrid,0KWH,138.3KWH,233.6KWH,138.3KWH,137.7KWH,Disconnect,06/03/2020 03:10:27 a.m.,06/03/2020 03:10:27 a.m.
24.7,231.7,383.1,2.0,1.8,0.0,24.7,357,53,440,17,OffGrid,0KWH,138.3KWH,233.6KWH,138.3KWH,137.7KWH,Disconnect,06/03/2020 03:15:27 a.m.,06/03/2020 03:15:27 a.m.
24.6,232.2,381.6,2.1,1.9,0.0,24.6,379,53,464,18,OffGrid,0KWH,138.3KWH,233.6KWH,138.3KWH,137.7KWH,Disconnect,06/03/2020 03:20:28 a.m.,06/03/2020 03:20:28 a.m.
24.6,231.5,380.8,2.1,1.9,0.0,24.6,372,53,456,18,OffGrid,0KWH,138.4KWH,233.7KWH,138.4KWH,137.7KWH,Disconnect,06/03/2020 03:25:28 a.m.,06/03/2020 03:25:28 a.m.
24.7,232.0,383.3,2.0,1.8,0.0,24.7,238,53,310,12,OffGrid,0KWH,138.4KWH,233.7KWH,138.4KWH,137.7KWH,Disconnect,06/03/2020 03:30:28 a.m.,06/03/2020 03:30:28 a.m.
24.6,232.3,382.5,2.0,1.8,0.0,24.6,246,52,319,12,OffGrid,0KWH,138.4KWH,233.7KWH,138.4KWH,137.7KWH,Disconnect,06/03/2020 03:35:28 a.m.,06/03/2020 03:35:28 a.m.
24.6,232.3,381.9,2.0,1.8,0.0,24.6,244,52,316,12,OffGrid,0KWH,138.4KWH,233.7KWH,138.4KWH,137.7KWH,Disconnect,06/03/2020 03:40:29 a.m.,06/03/2020 03:40:29 a.m.
24.5,231.9,381.2,2.0,1.8,0.0,24.5,248,52,321,13,OffGrid,0KWH,138.5KWH,233.8KWH,138.5KWH,137.7KWH,Disconnect,06/03/2020 03:45:29 a.m.,06/03/2020 03:45:29 a.m.
24.5,233.4,380.2,2.0,1.8,0.0,24.5,243,52,315,12,OffGrid,0KWH,138.5KWH,233.8KWH,138.5KWH,137.7KWH,Disconnect,06/03/2020 03:52:43 a.m.,06/03/2020 03:52:43 a.m.
24.4,234.1,379.5,2.0,1.8,0.0,24.4,248,52,321,13,OffGrid,0KWH,138.5KWH,233.8KWH,138.5KWH,137.7KWH,Disconnect,06/03/2020 03:57:44 a.m.,06/03/2020 03:57:44 a.m.
24.4,233.4,379.1,2.0,1.8,0.0,24.4,236,52,308,12,OffGrid,0KWH,138.5KWH,233.8KWH,138.5KWH,137.7KWH,Disconnect,06/03/2020 04:02:45 a.m.,06/03/2020 04:02:45 a.m.
24.3,232.1,378.4,2.0,1.7,0.0,24.3,234,52,305,12,OffGrid,0KWH,138.6KWH,233.9KWH,138.6KWH,137.7KWH,Disconnect,06/03/2020 04:07:46 a.m.,06/03/2020 04:07:46 a.m.
24.3,233.7,377.5,2.0,1.8,0.0,24.3,242,51,314,12,OffGrid,0KWH,138.6KWH,233.9KWH,138.6KWH,137.7KWH,Disconnect,06/03/2020 04:12:47 a.m.,06/03/2020 04:12:47 a.m.
24.3,233.5,376.8,2.0,1.8,0.0,24.3,246,51,319,13,OffGrid,0KWH,138.6KWH,233.9KWH,138.6KWH,137.7KWH,Disconnect,06/03/2020 04:17:47 a.m.,06/03/2020 04:17:47 a.m.
24.2,234.1,376.2,2.0,1.8,0.0,24.2,239,51,311,12,OffGrid,0KWH,138.6KWH,233.9KWH,138.6KWH,137.7KWH,Disconnect,06/03/2020 04:22:48 a.m.,06/03/2020 04:22:48 a.m.
24.2,233.1,375.5,1.9,1.7,0.0,24.2,235,51,307,12,OffGrid,0KWH,138.6KWH,233.9KWH,138.6KWH,137.7KWH,Disconnect,06/03/2020 04:27:49 a.m.,06/03/2020 04:27:49 a.m.
23.9,232.0,369.5,2.2,2.0,0.0,23.9,404,52,490,20,OffGrid,0KWH,138.7KWH,234KWH,138.7KWH,137.7KWH,Disconnect,06/03/2020 04:32:50 a.m.,06/03/2020 04:32:50 a.m.
23.9,232.7,368.0,2.2,2.0,0.0,23.9,398,52,485,20,OffGrid,0KWH,138.7KWH,234KWH,138.7KWH,137.7KWH,Disconnect,06/03/2020 04:37:50 a.m.,06/03/2020 04:37:50 a.m.
23.8,233.2,366.7,2.1,1.9,0.0,23.8,376,52,461,19,OffGrid,0KWH,138.7KWH,234KWH,138.7KWH,137.7KWH,Disconnect,06/03/2020 04:42:50 a.m.,06/03/2020 04:42:50 a.m.
23.6,233.9,364.4,2.1,1.9,0.0,23.6,374,52,459,19,OffGrid,0KWH,138.8KWH,234.1KWH,138.8KWH,137.7KWH,Disconnect,06/03/2020 04:47:51 a.m.,06/03/2020 04:47:51 a.m.
23.7,232.7,366.8,1.9,1.7,0.0,23.7,227,52,296,12,OffGrid,0KWH,138.8KWH,234.1KWH,138.8KWH,137.7KWH,Disconnect,06/03/2020 04:52:51 a.m.,06/03/2020 04:52:51 a.m.
23.6,232.6,365.3,1.9,1.7,0.0,23.6,226,51,297,12,OffGrid,0KWH,138.8KWH,234.1KWH,138.8KWH,137.7KWH,Disconnect,06/03/2020 04:57:51 a.m.,06/03/2020 04:57:51 a.m.
23.5,230.0,363.3,1.9,1.7,0.0,23.5,228,51,299,12,OffGrid,0KWH,138.8KWH,234.1KWH,138.8KWH,137.7KWH,Disconnect,06/03/2020 05:02:52 a.m.,06/03/2020 05:02:52 a.m.
23.2,230.5,360.2,1.9,1.7,0.0,23.2,224,50,295,12,OffGrid,0KWH,138.9KWH,234.1KWH,138.9KWH,137.7KWH,Disconnect,06/03/2020 05:07:52 a.m.,06/03/2020 05:07:52 a.m.
25.4,229.6,420.9,0.0,0.0,1.6,25.4,0,52,0,0,Grid charging,0KWH,138.9KWH,234.2KWH,138.9KWH,137.7KWH,Disconnect,06/03/2020 05:12:52 a.m.,06/03/2020 05:12:52 a.m.
25.5,228.0,423.7,0.0,0.0,1.6,25.5,0,60,0,0,Grid charging,0KWH,138.9KWH,234.2KWH,138.9KWH,137.7KWH,Disconnect,06/03/2020 05:17:52 a.m.,06/03/2020 05:17:52 a.m.
25.6,228.5,423.3,0.0,0.0,1.5,25.6,0,59,0,0,Grid charging,0KWH,138.9KWH,234.2KWH,138.9KWH,137.7KWH,Disconnect,06/03/2020 05:22:52 a.m.,06/03/2020 05:22:52 a.m.
25.7,229.8,423.3,0.0,0.0,1.4,25.7,0,60,0,0,Grid charging,0KWH,138.9KWH,234.2KWH,138.9KWH,137.7KWH,Disconnect,06/03/2020 05:27:53 a.m.,06/03/2020 05:27:53 a.m.
25.7,229.6,423.8,0.0,0.0,1.5,25.7,0,59,0,0,Grid charging,0KWH,138.9KWH,234.2KWH,138.9KWH,137.7KWH,Disconnect,06/03/2020 05:32:53 a.m.,06/03/2020 05:32:53 a.m.
25.8,229.2,424.5,0.0,0.0,1.5,25.8,0,60,0,0,Grid charging,0KWH,138.9KWH,234.3KWH,138.9KWH,137.7KWH,Disconnect,06/03/2020 05:37:53 a.m.,06/03/2020 05:37:53 a.m.
25.8,228.5,426.5,0.0,0.0,1.4,25.8,0,60,0,0,Grid charging,0KWH,138.9KWH,234.3KWH,138.9KWH,137.7KWH,Disconnect,06/03/2020 05:42:54 a.m.,06/03/2020 05:42:54 a.m.
25.9,228.1,425.0,0.0,0.0,1.4,25.9,0,59,0,0,Grid charging,0KWH,138.9KWH,234.3KWH,138.9KWH,137.7KWH,Disconnect,06/03/2020 05:47:54 a.m.,06/03/2020 05:47:54 a.m.
25.9,228.2,427.6,0.0,0.0,2.0,25.9,0,60,0,0,Grid charging,0KWH,138.9KWH,234.3KWH,138.9KWH,137.7KWH,Disconnect,06/03/2020 05:52:54 a.m.,06/03/2020 05:52:54 a.m.
26.0,228.0,428.7,0.0,0.0,2.0,26.0,0,60,0,0,Grid charging,0KWH,138.9KWH,234.4KWH,138.9KWH,137.7KWH,Disconnect,06/03/2020 05:57:54 a.m.,06/03/2020 05:57:54 a.m.
26.0,226.7,429.4,0.0,0.0,2.0,26.0,0,60,0,0,Grid charging,0KWH,138.9KWH,234.4KWH,138.9KWH,137.7KWH,Disconnect,06/03/2020 06:02:55 a.m.,06/03/2020 06:02:55 a.m.
26.1,227.4,430.3,0.0,0.0,1.9,26.1,0,60,0,0,Grid charging,0KWH,138.9KWH,234.4KWH,138.9KWH,137.7KWH,Disconnect,06/03/2020 06:07:55 a.m.,06/03/2020 06:07:55 a.m.
26.2,227.7,428.8,0.0,0.0,1.9,26.2,0,60,0,0,Grid charging,0KWH,138.9KWH,234.5KWH,138.9KWH,137.7KWH,Disconnect,06/03/2020 06:12:55 a.m.,06/03/2020 06:12:55 a.m.
26.2,227.7,429.6,0.0,0.0,1.5,26.2,0,60,0,0,Grid charging,0KWH,138.9KWH,234.5KWH,138.9KWH,137.7KWH,Disconnect,06/03/2020 06:17:55 a.m.,06/03/2020 06:17:55 a.m.
26.3,227.6,430.1,0.0,0.0,1.5,26.3,0,59,0,0,Grid charging,0KWH,138.9KWH,234.5KWH,138.9KWH,137.7KWH,Disconnect,06/03/2020 06:22:55 a.m.,06/03/2020 06:22:55 a.m.
26.5,227.7,432.6,0.0,0.0,1.5,26.5,0,60,0,0,Grid charging,0KWH,138.9KWH,234.5KWH,138.9KWH,137.7KWH,Disconnect,06/03/2020 06:27:56 a.m.,06/03/2020 06:27:56 a.m.
25.3,230.6,416.5,0.0,0.0,1.6,25.3,0,59,0,0,ByPass,0KWH,138.9KWH,234.5KWH,138.9KWH,137.7KWH,Connect,06/03/2020 06:32:56 a.m.,06/03/2020 06:32:56 a.m.
25.3,231.8,415.8,0.0,0.0,1.5,25.3,0,56,0,0,ByPass,0KWH,138.9KWH,234.6KWH,138.9KWH,137.7KWH,Connect,06/03/2020 06:37:56 a.m.,06/03/2020 06:37:56 a.m.
25.2,230.8,415.3,0.0,0.0,1.6,25.2,0,54,0,0,ByPass,0KWH,138.9KWH,234.6KWH,138.9KWH,137.7KWH,Connect,06/03/2020 06:42:56 a.m.,06/03/2020 06:42:56 a.m.
25.2,232.5,415.0,0.0,0.0,1.7,25.2,0,52,0,0,ByPass,0KWH,138.9KWH,234.6KWH,138.9KWH,137.7KWH,Connect,06/03/2020 06:47:57 a.m.,06/03/2020 06:47:57 a.m.
25.2,231.3,414.8,0.0,0.0,1.6,25.2,0,50,0,0,ByPass,0KWH,138.9KWH,234.6KWH,138.9KWH,137.7KWH,Connect,06/03/2020 06:52:57 a.m.,06/03/2020 06:52:57 a.m.
25.2,230.9,414.8,0.0,0.0,1.5,25.2,0,49,-10,0,ByPass,0KWH,138.9KWH,234.6KWH,138.9KWH,137.7KWH,Connect,06/03/2020 06:57:57 a.m.,06/03/2020 06:57:57 a.m.
25.2,231.6,416.1,0.0,0.0,1.7,25.2,0,47,-10,0,ByPass,0KWH,138.9KWH,234.6KWH,138.9KWH,137.7KWH,Connect,06/03/2020 07:02:57 a.m.,06/03/2020 07:02:57 a.m.
25.2,230.6,415.7,0.0,0.0,1.6,25.2,0,46,-10,0,ByPass,0KWH,138.9KWH,234.7KWH,138.9KWH,137.7KWH,Connect,06/03/2020 07:07:58 a.m.,06/03/2020 07:07:58 a.m.
25.1,230.6,415.9,0.0,0.0,1.5,25.1,0,45,-12,0,ByPass,0KWH,138.9KWH,234.7KWH,138.9KWH,137.7KWH,Connect,06/03/2020 07:12:58 a.m.,06/03/2020 07:12:58 a.m.
25.1,227.1,415.3,0.0,0.0,2.1,25.1,0,45,-13,0,ByPass,0KWH,138.9KWH,234.7KWH,138.9KWH,137.8KWH,Connect,06/03/2020 07:17:58 a.m.,06/03/2020 07:17:58 a.m.
25.1,229.7,415.8,0.0,0.0,2.1,25.1,0,44,-13,0,ByPass,0KWH,138.9KWH,234.7KWH,138.9KWH,137.8KWH,Connect,06/03/2020 07:22:58 a.m.,06/03/2020 07:22:58 a.m.
25.1,232.0,416.6,0.0,0.0,2.0,25.1,0,44,-10,0,ByPass,0KWH,138.9KWH,234.8KWH,138.9KWH,137.8KWH,Connect,06/03/2020 07:27:59 a.m.,06/03/2020 07:27:59 a.m.
25.1,231.3,416.8,0.0,0.0,1.9,25.1,0,43,-10,0,ByPass,0KWH,138.9KWH,234.9KWH,138.9KWH,137.8KWH,Connect,06/03/2020 07:32:59 a.m.,06/03/2020 07:32:59 a.m.
25.2,232.3,416.9,0.0,0.0,2.0,25.2,0,43,-18,0,ByPass,0KWH,138.9KWH,234.9KWH,138.9KWH,137.8KWH,Connect,06/03/2020 07:37:59 a.m.,06/03/2020 07:37:59 a.m.
25.2,229.6,415.8,0.0,0.0,2.0,25.2,0,43,-29,-1,ByPass,0KWH,138.9KWH,234.9KWH,138.9KWH,137.8KWH,Connect,06/03/2020 07:42:59 a.m.,06/03/2020 07:42:59 a.m.
25.2,232.1,416.1,0.0,0.0,2.0,25.2,0,43,-37,-1,ByPass,0KWH,138.9KWH,235KWH,138.9KWH,137.8KWH,Connect,06/03/2020 07:48:00 a.m.,06/03/2020 07:48:00 a.m.
25.3,231.6,417.2,0.0,0.0,1.6,25.3,0,43,-50,-1,ByPass,0KWH,138.9KWH,235KWH,138.9KWH,137.8KWH,Connect,06/03/2020 07:57:10 a.m.,06/03/2020 07:57:10 a.m.
25.3,230.1,417.5,0.0,0.0,1.5,25.3,0,42,-47,-1,ByPass,0KWH,138.9KWH,235KWH,138.9KWH,137.8KWH,Connect,06/03/2020 08:02:10 a.m.,06/03/2020 08:02:10 a.m.
25.3,232.0,419.9,0.0,0.0,1.6,25.3,0,42,-53,-2,ByPass,0KWH,138.9KWH,235KWH,138.9KWH,137.8KWH,Connect,06/03/2020 08:07:10 a.m.,06/03/2020 08:07:10 a.m.
25.8,230.8,424.1,0.0,0.0,1.5,25.8,0,43,-212,-8,ByPass,0KWH,138.9KWH,235.1KWH,138.9KWH,137.8KWH,Connect,06/03/2020 08:12:10 a.m.,06/03/2020 08:12:10 a.m.
26.0,230.0,421.8,0.0,0.0,1.3,26.0,0,40,-251,-9,ByPass,0KWH,138.9KWH,235.1KWH,138.9KWH,137.8KWH,Connect,06/03/2020 08:17:10 a.m.,06/03/2020 08:17:10 a.m.
26.2,230.8,423.4,0.0,0.0,1.3,26.2,0,38,-292,-11,ByPass,0KWH,138.9KWH,235.1KWH,138.9KWH,137.8KWH,Connect,06/03/2020 08:22:10 a.m.,06/03/2020 08:22:10 a.m.
26.4,231.5,426.6,0.0,0.0,1.3,26.4,0,37,-324,-12,ByPass,0KWH,138.9KWH,235.1KWH,138.9KWH,137.9KWH,Connect,06/03/2020 08:27:10 a.m.,06/03/2020 08:27:10 a.m.
26.4,231.5,425.8,0.0,0.0,1.3,26.4,0,37,-260,-9,ByPass,0KWH,138.9KWH,235.1KWH,138.9KWH,137.9KWH,Connect,06/03/2020 08:32:11 a.m.,06/03/2020 08:32:11 a.m.
26.2,229.9,425.1,0.0,0.0,1.2,26.2,0,36,-213,-8,ByPass,0KWH,138.9KWH,235.2KWH,138.9KWH,137.9KWH,Connect,06/03/2020 08:37:11 a.m.,06/03/2020 08:37:11 a.m.
26.1,230.7,423.9,0.0,0.0,2.0,26.1,0,37,-175,-6,ByPass,0KWH,138.9KWH,235.2KWH,138.9KWH,137.9KWH,Connect,06/03/2020 08:42:11 a.m.,06/03/2020 08:42:11 a.m.
26.1,231.1,425.1,0.0,0.0,1.8,26.1,0,37,-172,-6,ByPass,0KWH,138.9KWH,235.2KWH,138.9KWH,137.9KWH,Connect,06/03/2020 08:47:11 a.m.,06/03/2020 08:47:11 a.m.
26.2,230.7,425.4,0.0,0.0,1.8,26.2,0,36,-206,-7,ByPass,0KWH,138.9KWH,235.3KWH,138.9KWH,137.9KWH,Connect,06/03/2020 08:52:11 a.m.,06/03/2020 08:52:11 a.m.
26.3,230.8,427.6,0.0,0.0,1.8,26.3,0,36,-239,-9,ByPass,0KWH,138.9KWH,235.3KWH,138.9KWH,138KWH,Connect,06/03/2020 08:57:11 a.m.,06/03/2020 08:57:11 a.m.
26.9,229.8,432.1,0.0,0.0,1.8,26.9,0,35,-346,-12,ByPass,0KWH,138.9KWH,235.3KWH,138.9KWH,138KWH,Connect,06/03/2020 09:02:12 a.m.,06/03/2020 09:02:12 a.m.
26.9,229.8,431.9,0.0,0.0,1.8,26.9,0,35,-296,-11,ByPass,0KWH,138.9KWH,235.4KWH,138.9KWH,138KWH,Connect,06/03/2020 09:07:12 a.m.,06/03/2020 09:07:12 a.m.
26.9,230.6,434.9,0.0,0.0,0.8,26.9,0,36,-341,-12,ByPass,0KWH,138.9KWH,235.4KWH,138.9KWH,138KWH,Connect,06/03/2020 09:12:12 a.m.,06/03/2020 09:12:12 a.m.
27.2,229.7,437.5,0.0,0.0,0.8,27.2,0,35,-381,-14,ByPass,0KWH,138.9KWH,235.4KWH,138.9KWH,138.1KWH,Connect,06/03/2020 09:17:12 a.m.,06/03/2020 09:17:12 a.m.
27.1,229.8,419.3,1.2,0.9,0.0,27.1,131,36,-258,-9,OffGrid,0KWH,138.9KWH,235.4KWH,138.9KWH,138.1KWH,Connect,06/03/2020 09:22:12 a.m.,06/03/2020 09:22:12 a.m.
26.5,230.3,409.3,1.2,0.8,0.0,26.5,131,38,-74,-2,OffGrid,0KWH,138.9KWH,235.4KWH,138.9KWH,138.1KWH,Connect,06/03/2020 09:27:12 a.m.,06/03/2020 09:27:12 a.m.
27.4,229.6,423.1,1.2,0.9,0.0,27.4,132,38,-316,-11,OffGrid,0KWH,138.9KWH,235.4KWH,138.9KWH,138.2KWH,Connect,06/03/2020 09:32:13 a.m.,06/03/2020 09:32:13 a.m.
27.1,231.3,418.9,1.3,0.9,0.0,27.1,132,38,-231,-8,OffGrid,0KWH,138.9KWH,235.5KWH,138.9KWH,138.2KWH,Connect,06/03/2020 09:37:13 a.m.,06/03/2020 09:37:13 a.m.
26.5,230.3,408.2,1.3,1.0,0.0,26.5,136,39,-36,-1,OffGrid,0KWH,138.9KWH,235.5KWH,138.9KWH,138.2KWH,Connect,06/03/2020 09:42:13 a.m.,06/03/2020 09:42:13 a.m.
27.0,229.1,416.7,1.3,1.0,0.0,27.0,135,39,-185,-6,OffGrid,0KWH,138.9KWH,235.5KWH,138.9KWH,138.3KWH,Connect,06/03/2020 09:47:13 a.m.,06/03/2020 09:47:13 a.m.
27.4,229.1,422.9,1.2,0.9,0.0,27.4,137,39,-245,-8,OffGrid,0KWH,138.9KWH,235.5KWH,138.9KWH,138.3KWH,Connect,06/03/2020 09:52:13 a.m.,06/03/2020 09:52:13 a.m.
26.6,229.3,411.3,1.3,1.0,0.0,26.6,138,39,-39,-1,OffGrid,0KWH,139KWH,235.5KWH,139KWH,138.3KWH,Connect,06/03/2020 09:57:13 a.m.,06/03/2020 09:57:13 a.m.
26.0,227.1,399.2,1.5,1.2,0.0,26.0,299,39,194,7,OffGrid,0KWH,139KWH,235.5KWH,139KWH,138.3KWH,Connect,06/03/2020 10:02:13 a.m.,06/03/2020 10:02:13 a.m.
25.7,228.3,395.2,1.5,1.2,0.0,25.7,296,39,198,7,OffGrid,0KWH,139KWH,235.5KWH,139KWH,138.4KWH,Connect,06/03/2020 10:07:14 a.m.,06/03/2020 10:07:14 a.m.
25.6,229.8,394.7,1.4,1.1,0.0,25.6,286,39,181,7,OffGrid,0KWH,139KWH,235.6KWH,139KWH,138.4KWH,Connect,06/03/2020 10:12:14 a.m.,06/03/2020 10:12:14 a.m.
25.7,229.0,395.4,1.5,1.2,0.0,25.7,286,39,138,5,OffGrid,0KWH,139KWH,235.6KWH,139KWH,138.4KWH,Connect,06/03/2020 10:17:14 a.m.,06/03/2020 10:17:14 a.m.
26.7,228.5,411.3,1.4,1.1,0.0,26.7,281,40,-180,-6,OffGrid,0KWH,139.1KWH,235.6KWH,139.1KWH,138.4KWH,Connect,06/03/2020 10:22:14 a.m.,06/03/2020 10:22:14 a.m.
26.5,229.1,407.9,1.4,1.1,0.0,26.5,279,40,6,0,OffGrid,0KWH,139.1KWH,235.6KWH,139.1KWH,138.5KWH,Connect,06/03/2020 10:27:14 a.m.,06/03/2020 10:27:14 a.m.
27.2,228.7,420.7,1.3,1.0,0.0,27.2,135,40,-204,-7,OffGrid,0KWH,139.1KWH,235.6KWH,139.1KWH,138.5KWH,Connect,06/03/2020 10:32:14 a.m.,06/03/2020 10:32:14 a.m.
27.3,228.1,422.3,1.2,0.9,0.0,27.3,133,39,-216,-7,OffGrid,0KWH,139.1KWH,235.7KWH,139.1KWH,138.5KWH,Connect,06/03/2020 10:37:15 a.m.,06/03/2020 10:37:15 a.m.
27.2,226.4,420.2,1.3,1.0,0.0,27.2,137,40,-157,-5,OffGrid,0KWH,139.1KWH,235.7KWH,139.1KWH,138.6KWH,Connect,06/03/2020 10:42:15 a.m.,06/03/2020 10:42:15 a.m.
27.3,227.6,421.6,1.3,1.0,0.0,27.3,133,40,-182,-6,OffGrid,0KWH,139.1KWH,235.7KWH,139.1KWH,138.6KWH,Connect,06/03/2020 10:47:15 a.m.,06/03/2020 10:47:15 a.m.
27.4,228.9,422.8,1.2,0.9,0.0,27.4,134,40,-181,-6,OffGrid,0KWH,139.1KWH,235.7KWH,139.1KWH,138.6KWH,Connect,06/03/2020 10:52:15 a.m.,06/03/2020 10:52:15 a.m.
27.3,226.7,422.0,1.3,1.0,0.0,27.3,139,40,-154,-5,OffGrid,0KWH,139.2KWH,235.7KWH,139.2KWH,138.6KWH,Connect,06/03/2020 10:57:15 a.m.,06/03/2020 10:57:15 a.m.
27.1,224.4,419.0,1.3,1.0,0.0,27.1,136,40,-89,-3,OffGrid,0KWH,139.2KWH,235.7KWH,139.2KWH,138.7KWH,Connect,06/03/2020 11:02:15 a.m.,06/03/2020 11:02:15 a.m.
27.4,226.2,423.4,1.3,1.0,0.0,27.4,135,40,-154,-5,OffGrid,0KWH,139.2KWH,235.7KWH,139.2KWH,138.7KWH,Connect,06/03/2020 11:07:15 a.m.,06/03/2020 11:07:15 a.m.
27.4,226.6,423.6,1.3,1.0,0.0,27.4,134,40,-165,-6,OffGrid,0KWH,139.2KWH,235.7KWH,139.2KWH,138.7KWH,Connect,06/03/2020 11:12:16 a.m.,06/03/2020 11:12:16 a.m.
27.4,227.6,422.4,1.4,1.1,0.0,27.4,154,40,-137,-5,OffGrid,0KWH,139.2KWH,235.7KWH,139.2KWH,138.8KWH,Connect,06/03/2020 11:17:16 a.m.,06/03/2020 11:17:16 a.m.
27.4,228.4,424.1,1.2,0.9,0.0,27.4,133,40,-112,-4,OffGrid,0KWH,139.2KWH,235.8KWH,139.2KWH,138.8KWH,Connect,06/03/2020 11:22:16 a.m.,06/03/2020 11:22:16 a.m.
26.9,229.6,414.9,1.5,1.2,0.0,26.9,301,40,-9,0,OffGrid,0KWH,139.2KWH,235.8KWH,139.2KWH,138.8KWH,Connect,06/03/2020 11:27:16 a.m.,06/03/2020 11:27:16 a.m.
26.7,228.3,410.5,1.5,1.2,0.0,26.7,292,41,29,1,OffGrid,0KWH,139.3KWH,235.8KWH,139.3KWH,138.9KWH,Connect,06/03/2020 11:32:16 a.m.,06/03/2020 11:32:16 a.m.
27.3,227.9,420.3,1.4,1.1,0.0,27.3,282,40,-88,-3,OffGrid,0KWH,139.3KWH,235.8KWH,139.3KWH,138.9KWH,Connect,06/03/2020 11:37:17 a.m.,06/03/2020 11:37:17 a.m.
27.4,226.5,422.6,1.5,1.2,0.0,27.4,284,40,-75,-2,OffGrid,0KWH,139.3KWH,235.9KWH,139.3KWH,138.9KWH,Connect,06/03/2020 11:42:17 a.m.,06/03/2020 11:42:17 a.m.
27.2,225.9,419.9,1.4,1.1,0.0,27.2,280,41,-50,-1,OffGrid,0KWH,139.3KWH,235.9KWH,139.3KWH,139KWH,Connect,06/03/2020 11:47:17 a.m.,06/03/2020 11:47:17 a.m.
27.3,226.8,420.9,1.3,1.0,0.0,27.3,135,41,-75,-2,OffGrid,0KWH,139.4KWH,235.9KWH,139.4KWH,139KWH,Connect,06/03/2020 11:52:17 a.m.,06/03/2020 11:52:17 a.m.
27.3,227.4,422.2,1.3,0.9,0.0,27.3,133,40,-79,-2,OffGrid,0KWH,139.4KWH,235.9KWH,139.4KWH,139KWH,Connect,06/03/2020 11:57:17 a.m.,06/03/2020 11:57:17 a.m.
27.4,228.3,423.4,1.3,1.0,0.0,27.4,136,40,-89,-3,OffGrid,0KWH,139.4KWH,235.9KWH,139.4KWH,139KWH,Connect,06/03/2020 12:02:17 p.m.,06/03/2020 12:02:17 p.m.
27.3,227.8,421.5,1.2,0.9,0.0,27.3,135,40,-69,-2,OffGrid,0KWH,139.4KWH,235.9KWH,139.4KWH,139KWH,Connect,06/03/2020 12:07:17 p.m.,06/03/2020 12:07:17 p.m.
27.3,227.4,421.9,1.3,1.0,0.0,27.3,136,40,-62,-2,OffGrid,0KWH,139.4KWH,235.9KWH,139.4KWH,139.1KWH,Connect,06/03/2020 12:12:18 p.m.,06/03/2020 12:12:18 p.m.
27.3,227.4,421.9,1.3,1.0,0.0,27.3,137,40,-61,-2,OffGrid,0KWH,139.4KWH,236KWH,139.4KWH,139.1KWH,Connect,06/03/2020 12:17:18 p.m.,06/03/2020 12:17:18 p.m.
27.3,225.6,421.2,1.4,1.1,0.0,27.3,149,40,-53,-1,OffGrid,0KWH,139.4KWH,236KWH,139.4KWH,139.1KWH,Connect,06/03/2020 12:22:18 p.m.,06/03/2020 12:22:18 p.m.
27.4,226.8,422.3,1.3,1.0,0.0,27.4,143,40,-59,-2,OffGrid,0KWH,139.4KWH,236KWH,139.4KWH,139.1KWH,Connect,06/03/2020 12:27:18 p.m.,06/03/2020 12:27:18 p.m.
27.4,226.9,422.9,1.2,0.8,0.0,27.4,131,40,-50,-1,OffGrid,0KWH,139.4KWH,236KWH,139.4KWH,139.2KWH,Connect,06/03/2020 12:32:18 p.m.,06/03/2020 12:32:18 p.m.
27.4,226.5,423.1,1.2,0.9,0.0,27.4,134,40,-43,-1,OffGrid,0KWH,139.5KWH,236KWH,139.5KWH,139.2KWH,Connect,06/03/2020 12:37:18 p.m.,06/03/2020 12:37:18 p.m.
27.4,228.7,423.0,1.2,0.9,0.0,27.4,133,41,-53,-1,OffGrid,0KWH,139.5KWH,236KWH,139.5KWH,139.2KWH,Connect,06/03/2020 12:42:18 p.m.,06/03/2020 12:42:18 p.m.
27.4,231.4,422.3,1.5,1.2,0.0,27.4,289,40,-16,0,OffGrid,0KWH,139.5KWH,236KWH,139.5KWH,139.2KWH,Connect,06/03/2020 12:47:19 p.m.,06/03/2020 12:47:19 p.m.
27.3,232.2,421.1,1.2,0.9,0.0,27.3,254,41,-11,0,OffGrid,0KWH,139.5KWH,236.1KWH,139.5KWH,139.3KWH,Connect,06/03/2020 12:52:19 p.m.,06/03/2020 12:52:19 p.m.
27.4,233.8,422.6,1.2,0.8,0.0,27.4,244,40,-13,0,OffGrid,0KWH,139.5KWH,236.1KWH,139.5KWH,139.3KWH,Connect,06/03/2020 12:57:19 p.m.,06/03/2020 12:57:19 p.m.
27.4,232.9,423.1,1.2,0.8,0.0,27.4,236,41,-13,0,OffGrid,0KWH,139.6KWH,236.1KWH,139.6KWH,139.3KWH,Connect,06/03/2020 01:02:19 p.m.,06/03/2020 01:02:19 p.m.
27.4,233.8,423.0,1.2,0.8,0.0,27.4,234,40,-12,0,OffGrid,0KWH,139.6KWH,236.1KWH,139.6KWH,139.3KWH,Connect,06/03/2020 01:07:20 p.m.,06/03/2020 01:07:20 p.m.
27.3,232.8,421.5,1.2,0.8,0.0,27.3,231,40,-4,0,OffGrid,0KWH,139.6KWH,236.1KWH,139.6KWH,139.4KWH,Connect,06/03/2020 01:12:20 p.m.,06/03/2020 01:12:20 p.m.
27.5,232.8,424.8,1.0,0.6,0.0,27.5,88,40,-36,-1,OffGrid,0KWH,139.6KWH,236.1KWH,139.6KWH,139.4KWH,Connect,06/03/2020 01:17:20 p.m.,06/03/2020 01:17:20 p.m.
27.4,232.1,423.8,1.0,0.6,0.0,27.4,87,40,-29,-1,OffGrid,0KWH,139.6KWH,236.2KWH,139.6KWH,139.4KWH,Connect,06/03/2020 01:22:20 p.m.,06/03/2020 01:22:20 p.m.
27.5,231.8,424.3,1.0,0.6,0.0,27.5,87,40,-34,-1,OffGrid,0KWH,139.6KWH,236.2KWH,139.6KWH,139.4KWH,Connect,06/03/2020 01:27:21 p.m.,06/03/2020 01:27:21 p.m.
27.5,230.9,424.8,1.0,0.6,0.0,27.5,84,40,-28,-1,OffGrid,0KWH,139.6KWH,236.2KWH,139.6KWH,139.4KWH,Connect,06/03/2020 01:32:21 p.m.,06/03/2020 01:32:21 p.m.
27.4,233.2,423.8,1.0,0.6,0.0,27.4,85,40,-34,-1,OffGrid,0KWH,139.6KWH,236.2KWH,139.6KWH,139.4KWH,Connect,06/03/2020 01:37:21 p.m.,06/03/2020 01:37:21 p.m.
27.4,231.4,423.2,1.0,0.6,0.0,27.4,86,40,-17,0,OffGrid,0KWH,139.6KWH,236.2KWH,139.6KWH,139.5KWH,Connect,06/03/2020 01:42:22 p.m.,06/03/2020 01:42:22 p.m.
27.4,231.5,424.4,1.0,0.6,0.0,27.4,88,40,-20,0,OffGrid,0KWH,139.6KWH,236.2KWH,139.6KWH,139.5KWH,Connect,06/03/2020 01:47:22 p.m.,06/03/2020 01:47:22 p.m.
27.4,232.5,423.5,1.0,0.6,0.0,27.4,85,40,-16,0,OffGrid,0KWH,139.7KWH,236.2KWH,139.7KWH,139.5KWH,Connect,06/03/2020 01:52:23 p.m.,06/03/2020 01:52:23 p.m.
27.4,231.3,423.7,1.0,0.6,0.0,27.4,86,40,-12,0,OffGrid,0KWH,139.7KWH,236.2KWH,139.7KWH,139.5KWH,Connect,06/03/2020 01:57:23 p.m.,06/03/2020 01:57:23 p.m.
27.4,232.5,423.3,1.0,0.6,0.0,27.4,88,40,-15,0,OffGrid,0KWH,139.7KWH,236.2KWH,139.7KWH,139.5KWH,Connect,06/03/2020 02:02:24 p.m.,06/03/2020 02:02:24 p.m.
27.3,230.4,422.9,1.0,0.6,0.0,27.3,84,40,-8,0,OffGrid,0KWH,139.7KWH,236.2KWH,139.7KWH,139.5KWH,Connect,06/03/2020 02:07:24 p.m.,06/03/2020 02:07:24 p.m.
27.3,230.5,422.1,1.2,0.8,0.0,27.3,257,40,26,0,OffGrid,0KWH,139.7KWH,236.2KWH,139.7KWH,139.5KWH,Connect,06/03/2020 02:12:24 p.m.,06/03/2020 02:12:24 p.m.
27.4,230.5,422.2,1.2,0.8,0.0,27.4,247,40,33,1,OffGrid,0KWH,139.7KWH,236.3KWH,139.7KWH,139.6KWH,Connect,06/03/2020 02:17:24 p.m.,06/03/2020 02:17:24 p.m.
27.3,231.0,421.6,1.2,0.8,0.0,27.3,238,40,29,1,OffGrid,0KWH,139.7KWH,236.3KWH,139.7KWH,139.6KWH,Connect,06/03/2020 02:22:25 p.m.,06/03/2020 02:22:25 p.m.
27.3,229.5,421.1,1.2,0.8,0.0,27.3,235,40,30,1,OffGrid,0KWH,139.7KWH,236.3KWH,139.7KWH,139.6KWH,Connect,06/03/2020 02:27:25 p.m.,06/03/2020 02:27:25 p.m.
27.4,229.4,422.7,1.2,0.8,0.0,27.4,232,40,27,0,OffGrid,0KWH,139.8KWH,236.3KWH,139.8KWH,139.6KWH,Connect,06/03/2020 02:32:25 p.m.,06/03/2020 02:32:25 p.m.
27.4,229.2,422.7,1.1,0.7,0.0,27.4,231,41,36,1,OffGrid,0KWH,139.8KWH,236.3KWH,139.8KWH,139.7KWH,Connect,06/03/2020 02:37:26 p.m.,06/03/2020 02:37:26 p.m.
27.4,228.5,424.2,1.0,0.6,0.0,27.4,80,41,-5,0,OffGrid,0KWH,139.8KWH,236.3KWH,139.8KWH,139.7KWH,Connect,06/03/2020 02:42:26 p.m.,06/03/2020 02:42:26 p.m.
27.4,228.8,423.4,1.0,0.6,0.0,27.4,86,41,-2,0,OffGrid,0KWH,139.8KWH,236.3KWH,139.8KWH,139.7KWH,Connect,06/03/2020 02:47:26 p.m.,06/03/2020 02:47:26 p.m.
27.4,229.6,423.4,1.0,0.6,0.0,27.4,88,41,3,0,OffGrid,0KWH,139.8KWH,236.4KWH,139.8KWH,139.7KWH,Connect,06/03/2020 02:52:27 p.m.,06/03/2020 02:52:27 p.m.
27.4,230.0,423.5,1.0,0.6,0.0,27.4,82,41,-1,0,OffGrid,0KWH,139.8KWH,236.4KWH,139.8KWH,139.7KWH,Connect,06/03/2020 02:57:27 p.m.,06/03/2020 02:57:27 p.m.
27.4,229.3,423.4,1.0,0.6,0.0,27.4,84,41,-3,0,OffGrid,0KWH,139.8KWH,236.4KWH,139.8KWH,139.7KWH,Connect,06/03/2020 03:02:27 p.m.,06/03/2020 03:02:27 p.m.
27.4,229.5,423.4,1.0,0.6,0.0,27.4,88,41,6,0,OffGrid,0KWH,139.8KWH,236.4KWH,139.8KWH,139.7KWH,Connect,06/03/2020 03:07:28 p.m.,06/03/2020 03:07:28 p.m.
27.4,229.6,423.2,1.0,0.6,0.0,27.4,87,40,1,0,OffGrid,0KWH,139.8KWH,236.4KWH,139.8KWH,139.7KWH,Connect,06/03/2020 03:12:28 p.m.,06/03/2020 03:12:28 p.m.
27.4,229.6,423.3,1.0,0.6,0.0,27.4,86,40,4,0,OffGrid,0KWH,139.8KWH,236.4KWH,139.8KWH,139.8KWH,Connect,06/03/2020 03:17:28 p.m.,06/03/2020 03:17:28 p.m.
27.4,229.4,423.0,1.0,0.6,0.0,27.4,87,41,8,0,OffGrid,0KWH,139.9KWH,236.4KWH,139.9KWH,139.8KWH,Connect,06/03/2020 03:22:29 p.m.,06/03/2020 03:22:29 p.m.
27.4,229.3,423.0,1.0,0.6,0.0,27.4,85,41,0,0,OffGrid,0KWH,139.9KWH,236.4KWH,139.9KWH,139.8KWH,Connect,06/03/2020 03:27:29 p.m.,06/03/2020 03:27:29 p.m.
27.4,230.0,423.0,1.0,0.6,0.0,27.4,87,41,21,0,OffGrid,0KWH,139.9KWH,236.4KWH,139.9KWH,139.8KWH,Connect,06/03/2020 03:32:29 p.m.,06/03/2020 03:32:29 p.m.
27.3,229.2,421.6,1.2,0.9,0.0,27.3,259,41,49,1,OffGrid,0KWH,139.9KWH,236.4KWH,139.9KWH,139.8KWH,Connect,06/03/2020 03:37:29 p.m.,06/03/2020 03:37:29 p.m.
27.1,228.6,418.7,1.2,0.8,0.0,27.1,247,41,40,1,OffGrid,0KWH,139.9KWH,236.4KWH,139.9KWH,139.8KWH,Connect,06/03/2020 03:42:30 p.m.,06/03/2020 03:42:30 p.m.
27.2,230.7,419.1,1.2,0.8,0.0,27.2,238,41,36,1,OffGrid,0KWH,139.9KWH,236.5KWH,139.9KWH,139.8KWH,Connect,06/03/2020 03:47:30 p.m.,06/03/2020 03:47:30 p.m.
27.4,231.0,422.3,1.2,0.8,0.0,27.4,234,41,52,1,OffGrid,0KWH,139.9KWH,236.5KWH,139.9KWH,139.9KWH,Connect,06/03/2020 03:52:30 p.m.,06/03/2020 03:52:30 p.m.
27.1,231.7,417.7,1.2,0.8,0.0,27.1,236,41,67,2,OffGrid,0KWH,140KWH,236.5KWH,140KWH,139.9KWH,Connect,06/03/2020 03:57:31 p.m.,06/03/2020 03:57:31 p.m.
27.4,231.4,422.8,1.2,0.8,0.0,27.4,231,41,43,1,OffGrid,0KWH,140KWH,236.5KWH,140KWH,139.9KWH,Connect,06/03/2020 04:02:31 p.m.,06/03/2020 04:02:31 p.m.
27.3,232.7,422.0,1.0,0.6,0.0,27.3,88,41,21,0,OffGrid,0KWH,140KWH,236.5KWH,140KWH,139.9KWH,Connect,06/03/2020 04:07:31 p.m.,06/03/2020 04:07:31 p.m.
27.2,232.7,420.8,1.0,0.6,0.0,27.2,84,41,15,0,OffGrid,0KWH,140KWH,236.5KWH,140KWH,139.9KWH,Connect,06/03/2020 04:12:32 p.m.,06/03/2020 04:12:32 p.m.
27.3,230.5,421.7,1.0,0.6,0.0,27.3,86,41,22,0,OffGrid,0KWH,140KWH,236.5KWH,140KWH,139.9KWH,Connect,06/03/2020 04:17:32 p.m.,06/03/2020 04:17:32 p.m.
27.4,232.5,423.2,1.0,0.6,0.0,27.4,84,41,11,0,OffGrid,0KWH,140KWH,236.6KWH,140KWH,140KWH,Connect,06/03/2020 04:22:32 p.m.,06/03/2020 04:22:32 p.m.
27.3,232.3,422.6,1.0,0.6,0.0,27.3,83,41,15,0,OffGrid,0KWH,140KWH,236.6KWH,140KWH,140KWH,Connect,06/03/2020 04:27:33 p.m.,06/03/2020 04:27:33 p.m.
27.4,234.1,423.9,1.0,0.6,0.0,27.4,82,41,13,0,OffGrid,0KWH,140KWH,236.6KWH,140KWH,140KWH,Connect,06/03/2020 04:32:33 p.m.,06/03/2020 04:32:33 p.m.
27.4,232.3,423.4,1.0,0.6,0.0,27.4,83,41,15,0,OffGrid,0KWH,140KWH,236.6KWH,140KWH,140KWH,Connect,06/03/2020 04:37:33 p.m.,06/03/2020 04:37:33 p.m.
27.4,231.4,423.0,1.0,0.6,0.0,27.4,79,41,12,0,OffGrid,0KWH,140KWH,236.6KWH,140KWH,140KWH,Connect,06/03/2020 04:42:34 p.m.,06/03/2020 04:42:34 p.m.
27.4,233.2,424.5,1.0,0.6,0.0,27.4,84,41,15,0,OffGrid,0KWH,140KWH,236.6KWH,140KWH,140KWH,Connect,06/03/2020 04:47:34 p.m.,06/03/2020 04:47:34 p.m.
27.4,233.5,423.1,1.0,0.6,0.0,27.4,84,41,19,0,OffGrid,0KWH,140.1KWH,236.6KWH,140.1KWH,140KWH,Connect,06/03/2020 04:52:34 p.m.,06/03/2020 04:52:34 p.m.
27.4,233.8,422.8,1.0,0.6,0.0,27.4,87,41,28,1,OffGrid,0KWH,140.1KWH,236.6KWH,140.1KWH,140KWH,Connect,06/03/2020 04:57:35 p.m.,06/03/2020 04:57:35 p.m.
26.4,234.6,404.7,1.3,1.0,0.0,26.4,256,41,90,3,OffGrid,0KWH,140.1KWH,236.6KWH,140.1KWH,140KWH,Connect,06/03/2020 05:02:35 p.m.,06/03/2020 05:02:35 p.m.
26.5,233.2,408.3,1.2,0.9,0.0,26.5,252,42,17,0,OffGrid,0KWH,140.1KWH,236.6KWH,140.1KWH,140.1KWH,Connect,06/03/2020 05:07:35 p.m.,06/03/2020 05:07:35 p.m.
26.1,235.2,399.7,1.2,0.8,0.0,26.1,241,42,133,5,OffGrid,0KWH,140.1KWH,236.7KWH,140.1KWH,140.1KWH,Connect,06/03/2020 05:12:36 p.m.,06/03/2020 05:12:36 p.m.
26.7,235.4,412.0,1.2,0.8,0.0,26.7,238,41,25,0,OffGrid,0KWH,140.1KWH,236.7KWH,140.1KWH,140.1KWH,Connect,06/03/2020 05:17:36 p.m.,06/03/2020 05:17:36 p.m.
26.1,233.4,400.3,1.2,0.8,0.0,26.1,234,42,112,4,OffGrid,0KWH,140.2KWH,236.7KWH,140.2KWH,140.1KWH,Connect,06/03/2020 05:22:36 p.m.,06/03/2020 05:22:36 p.m.
25.9,232.6,397.6,1.2,0.8,0.0,25.9,228,41,145,5,OffGrid,0KWH,140.2KWH,236.7KWH,140.2KWH,140.1KWH,Connect,06/03/2020 05:27:36 p.m.,06/03/2020 05:27:36 p.m.
26.0,232.9,400.2,1.1,0.7,0.0,26.0,84,42,112,4,OffGrid,0KWH,140.2KWH,236.7KWH,140.2KWH,140.2KWH,Connect,06/03/2020 05:32:37 p.m.,06/03/2020 05:32:37 p.m.
26.0,234.4,398.4,1.2,0.8,0.0,26.0,85,43,119,4,OffGrid,0KWH,140.2KWH,236.7KWH,140.2KWH,140.2KWH,Connect,06/03/2020 05:37:37 p.m.,06/03/2020 05:37:37 p.m.
25.9,234.4,398.0,1.3,1.0,0.0,25.9,87,45,132,5,OffGrid,0KWH,140.2KWH,236.7KWH,140.2KWH,140.2KWH,Connect,06/03/2020 05:42:37 p.m.,06/03/2020 05:42:37 p.m.
25.9,234.2,397.6,1.4,1.1,0.0,25.9,85,46,127,4,OffGrid,0KWH,140.2KWH,236.7KWH,140.2KWH,140.2KWH,Connect,06/03/2020 05:47:38 p.m.,06/03/2020 05:47:38 p.m.
25.9,233.1,397.3,1.4,1.1,0.0,25.9,84,47,129,4,OffGrid,0KWH,140.2KWH,236.8KWH,140.2KWH,140.2KWH,Connect,06/03/2020 05:52:39 p.m.,06/03/2020 05:52:39 p.m.
25.9,233.7,397.1,1.4,1.1,0.0,25.9,84,48,126,4,OffGrid,0KWH,140.2KWH,236.8KWH,140.2KWH,140.2KWH,Connect,06/03/2020 05:57:39 p.m.,06/03/2020 05:57:39 p.m.
25.8,234.7,396.9,1.5,1.2,0.0,25.8,85,49,132,5,OffGrid,0KWH,140.2KWH,236.8KWH,140.2KWH,140.2KWH,Connect,06/03/2020 06:02:40 p.m.,06/03/2020 06:02:40 p.m.
25.8,234.7,396.5,1.5,1.2,0.0,25.8,85,49,132,5,OffGrid,0KWH,140.2KWH,236.8KWH,140.2KWH,140.2KWH,Connect,06/03/2020 06:07:40 p.m.,06/03/2020 06:07:40 p.m.
25.8,230.2,396.5,1.4,1.1,0.0,25.8,81,50,128,4,OffGrid,0KWH,140.2KWH,236.8KWH,140.2KWH,140.2KWH,Connect,06/03/2020 06:12:40 p.m.,06/03/2020 06:12:40 p.m.
25.8,230.4,396.4,1.4,1.1,0.0,25.8,82,50,129,5,OffGrid,0KWH,140.2KWH,236.8KWH,140.2KWH,140.2KWH,Connect,06/03/2020 06:17:40 p.m.,06/03/2020 06:17:40 p.m.
25.7,230.1,396.1,1.4,1.1,0.0,25.7,78,50,125,4,OffGrid,0KWH,140.3KWH,236.8KWH,140.3KWH,140.2KWH,Connect,06/03/2020 06:22:41 p.m.,06/03/2020 06:22:41 p.m.
25.7,228.5,396.0,1.4,1.1,0.0,25.7,80,50,127,4,OffGrid,0KWH,140.3KWH,236.8KWH,140.3KWH,140.2KWH,Connect,06/03/2020 06:27:41 p.m.,06/03/2020 06:27:41 p.m.
25.3,230.2,389.6,1.6,1.3,0.0,25.3,252,51,325,12,OffGrid,0KWH,140.3KWH,236.8KWH,140.3KWH,140.2KWH,Connect,06/03/2020 06:32:42 p.m.,06/03/2020 06:32:42 p.m.
25.3,229.6,389.7,1.5,1.2,0.0,25.3,237,51,309,12,OffGrid,0KWH,140.3KWH,236.8KWH,140.3KWH,140.2KWH,Connect,06/03/2020 06:37:42 p.m.,06/03/2020 06:37:42 p.m.
25.3,230.4,389.4,1.5,1.2,0.0,25.3,235,51,307,12,OffGrid,0KWH,140.3KWH,236.9KWH,140.3KWH,140.2KWH,Connect,06/03/2020 06:42:42 p.m.,06/03/2020 06:42:42 p.m.
25.3,229.8,389.2,1.5,1.2,0.0,25.3,232,51,304,12,OffGrid,0KWH,140.3KWH,236.9KWH,140.3KWH,140.2KWH,Connect,06/03/2020 06:47:43 p.m.,06/03/2020 06:47:43 p.m.
25.2,229.3,389.0,1.5,1.2,0.0,25.2,228,51,299,11,OffGrid,0KWH,140.4KWH,236.9KWH,140.4KWH,140.2KWH,Connect,06/03/2020 06:52:43 p.m.,06/03/2020 06:52:43 p.m.
25.4,228.8,392.6,1.5,1.2,0.0,25.4,110,52,170,6,OffGrid,0KWH,140.4KWH,236.9KWH,140.4KWH,140.2KWH,Connect,06/03/2020 06:57:43 p.m.,06/03/2020 06:57:43 p.m.
